Year,IDCENSUS,NAME,CONUM,CSA,CBSA,NCESID,ENROLL,TOTALREV,TFEDREV,FEDRCOMP,FEDRSPEC,FEDRNUTR,FEDROTHR,TSTREV,STRFORM,STRSPEC,STRTRANS,STROTHR,TLOCREV,LOCRTAX,LOCRPROP,LOCRPAR,LOCRCICO,LOCROSCH,LOCRCHAR,LOCROTHR,TOTALEXP,TCURSPND,TSALWAGE,TEMPBENE,TCURINST,TCURISAL,TCURIBEN,TCURSSVC,TCURSPUP,TCURSSTA,TCURSGEN,TCURSSCH,TCURSOTH,TCURONON,TCAPOUT,TPAYOTH,TINTRST,DEBTOUT,LONGISSU,LONGRET,PCTTOTAL,PCTFTOT,PCTFCOMP,PCTSTOT,PCTSFORM,PCTLTOT,PCTLTAXP,PCTLOTHG,PCTLCHAR,PPCSTOT,PPSALWG,PPEMPBEN,PPITOTAL,PPISALWG,PPIEMBEN,PPSTOTAL,PPSPUPIL,PPSSTAFF,PPSGENAD,PPSSCHAD
2016,21100100130100,ALLEGANY COUNTY PUBLIC SCHOOLS,24001,N,19060,2400030,8812,130402,12281,2653,2512,3026,4090,85997,40649,6881,4586,33881,32124,0,0,30124,0,71,1257,672,128183,123876,72255,35685,79525,48589,25376,39019,5089,5969,710,8012,19239,5332,3675,44,588,1226,0,1160,100,9.4,2,65.9,31.2,24.6,23.1,0.1,1,14043,8200,4050,9025,5514,2880,4428,578,677,81,909
2016,21100200230100,ANNE ARUNDEL CO SCHS,24003,548,12580,2400060,80387,1206658,55404,10300,17759,16659,10686,441426,210136,27854,22801,180635,709828,0,0,695132,0,560,11221,2915,1257907,1062854,768351,271710,671686,429922,194089,362543,44449,52524,7761,78680,179129,28625,143045,23345,28663,47003,0,41210,100,4.6,0.9,36.6,17.4,58.8,57.6,0,0.9,13215,9558,3380,8356,5348,2414,4510,553,653,97,979
2016,21100300330100,BALTIMORE COUNTY SCHOOLS,24005,548,12580,2400120,111138,1782381,102256,26382,25992,31245,18637,749315,375855,51338,29834,292288,930810,0,0,910296,0,2580,13641,4293,1728277,1502073,1061877,397003,920119,585470,271420,536378,81864,68773,10546,112722,262473,45576,169858,42389,13957,32149,0,25813,100,5.7,1.5,42,21.1,52.2,51.1,0.1,0.8,13512,9555,3572,8279,5268,2442,4826,737,619,95,1014
2016,21100500430100,CALVERT CO SCHS,24009,548,47900,2400150,16017,235345,10233,1653,3229,1620,3731,94034,57547,4510,5690,26287,131078,0,0,123423,0,0,1875,5780,228475,220067,134906,56660,141064,92099,43464,72055,9964,7448,1228,12405,41010,6948,4886,2004,1518,5474,0,5347,100,4.3,0.7,40,24.5,55.7,52.4,0,0.8,13619,8423,3537,8807,5750,2714,4499,622,465,77,774
2016,21100600530100,CAROLINE CO SCHS,24011,N,N,2400180,5602,82819,7832,1539,1394,2477,2422,56872,26317,2597,2635,25323,18115,0,0,13765,0,0,723,3627,78083,73732,44571,18587,44481,28801,13063,24695,3872,3951,750,4871,11251,4556,2414,1427,510,1130,0,1574,100,9.5,1.9,68.7,31.8,21.9,16.6,0,0.9,12957,7956,3318,7940,5141,2332,4408,691,705,134,870
2016,21100700630100,CARROLL CO SCHS,24013,548,12580,2400210,25551,368005,13486,2293,5656,2749,2788,155112,95184,10549,9658,39721,199407,0,0,194155,0,117,3980,1155,348448,335452,200694,90685,206505,129955,64998,122712,18601,17381,1317,23875,61538,6235,8859,193,3944,12414,0,8635,100,3.7,0.6,42.1,25.9,54.2,52.8,0,1.1,13116,7855,3549,8082,5086,2544,4803,728,680,52,934
2016,21100800730100,CECIL COUNTY PUBLIC SCHOOLS,24015,428,37980,2400240,15859,229420,13322,2835,3643,4192,2652,117491,63468,7676,5061,41286,98607,0,0,88051,0,0,1985,8571,220778,201661,134033,51111,127570,83794,36892,67510,9891,9866,1329,15244,31180,6581,13650,2812,2655,5693,0,4873,100,5.8,1.2,51.2,27.7,43,38.4,0,0.9,12708,8452,3223,8044,5284,2326,4257,624,622,84,961
2016,21100900830100,CHARLES CO SCHS,24017,548,47900,2400270,26307,403612,18628,3570,4987,6445,3626,196303,107267,9255,10548,69233,188681,0,0,179852,0,0,6338,2491,399543,366944,231924,91438,213389,141613,61895,138505,20050,17188,1257,21997,78013,15050,26420,3282,2897,8583,0,9576,100,4.6,0.9,48.6,26.6,46.7,44.6,0,1.6,13839,8816,3476,8111,5383,2353,5265,762,653,48,836
2016,21101000930100,DORCHESTER CO SCHS,24019,548,15700,2400300,4739,73089,7739,2016,1153,2155,2415,43616,20469,1035,0,22112,21734,0,0,20592,0,0,489,653,72388,69629,41246,16339,41511,25287,11255,25351,3232,5315,574,5357,10873,2767,2138,64,557,0,0,0,100,10.6,2.8,59.7,28,29.7,28.2,0,0.7,14678,8704,3448,8759,5336,2375,5349,682,1122,121,1130
2016,21101101030100,FREDERICK CO SCHOOLS,24021,548,47900,2400330,40655,632203,16281,4215,7568,48,4450,287412,160074,14397,12163,100778,328510,0,0,320147,0,0,5969,2394,611867,533357,383394,152037,332226,212780,109608,188006,26848,40011,1509,33893,85745,13125,67950,2551,8009,24950,0,22069,100,2.6,0.7,45.5,25.3,52,50.6,0,0.9,13090,9430,3740,8172,5234,2696,4624,660,984,37,834
2016,21101201130100,GARRETT COUNTY SCHOOLS,24023,N,N,2400360,3856,58080,5288,1192,1047,1545,1504,23540,9745,1060,2936,9799,29252,0,0,27155,0,0,795,1302,57680,55648,34103,14457,31102,20335,9246,21427,3258,2629,521,2834,12185,3119,1473,559,0,0,0,0,100,9.1,2.1,40.5,16.8,50.4,46.8,0,1.4,14336,8844,3749,8066,5274,2398,5557,845,682,135,735
2016,21101301230100,HARFORD CO SCH,24025,548,12580,2400390,37448,563870,27452,4868,8642,7802,6140,241026,134911,17061,12451,76603,295392,0,0,281900,0,253,8339,4900,540127,477044,299903,140688,290243,180452,98820,169501,21524,20928,1861,30601,94587,17300,37706,14445,10932,19800,0,20082,100,4.9,0.9,42.7,23.9,52.4,50,0,1.5,12719,8009,3757,7751,4819,2639,4526,575,559,50,817
2016,21101401330100,HOWARD COUNTY SCHOOLS,24027,548,12580,2400420,54870,949631,27394,4741,9530,6766,6357,303945,159413,14260,16504,113768,618292,0,0,605376,0,0,8532,4384,958910,856834,526104,215795,567132,381058,161852,268209,42633,37618,4435,60151,123372,21493,81221,4719,16136,0,0,0,100,2.9,0.5,32,16.8,65.1,63.7,0,0.9,15476,9588,3933,10336,6945,2950,4888,777,686,81,1096
2016,21101501430100,KENT COUNTY SCHOOLS,24029,N,N,2400450,2029,32002,1912,555,605,0,752,11750,2621,802,2556,5771,18340,0,0,17904,0,0,302,134,32524,30282,17587,7627,17449,10942,5340,11582,1605,1771,444,2150,5612,1251,1516,726,0,0,0,0,100,6,1.7,36.7,8.2,57.3,55.9,0,0.9,14885,8668,3759,8600,5393,2632,5708,791,873,219,1060
2016,21101601530100,MONTGOMERY COUNTY SCHOOLS,24031,548,47900,2400480,156380,2898647,112717,21826,32390,36008,22493,833877,339920,53505,39787,400665,1952053,0,0,1917727,0,0,27696,6630,2699290,2379531,1782904,673070,1532954,1033224,464875,788772,95063,165791,10502,160840,356576,57805,226886,42443,50430,98003,0,83439,100,3.9,0.8,28.8,11.7,67.3,66.2,0,1,15195,11401,4304,9803,6607,2973,5044,608,1060,67,1029
2016,21101701630100,PRINCE GEORGES CO SCHS,24033,548,47900,2400510,128936,2206548,145009,36153,28191,56104,24561,1153386,544725,63587,39596,505478,908153,0,0,835057,0,0,20125,52971,2140307,1918402,1277017,484758,1149303,757838,310095,692439,98347,77385,14809,120282,381616,76660,142960,56222,22723,42877,0,70352,100,6.6,1.6,52.3,24.7,41.2,37.8,0,0.9,14851,9904,3760,8914,5878,2405,5370,763,600,115,933
2016,21101801730100,QUEEN ANNES COUNTY SCHOOLS,24035,548,12580,2400540,7717,106294,5518,1238,1587,1085,1608,39748,21910,2026,3312,12500,61028,0,0,59014,0,0,1475,539,104730,98048,63935,25436,64133,42702,19116,31661,4621,3443,521,5717,17359,2254,5088,594,1000,0,0,0,100,5.2,1.2,37.4,20.6,57.4,55.5,0,1.4,12704,8285,3296,8311,5533,2477,4103,599,446,68,741
2016,21101901830100,ST MARYS CO SCHS,24037,548,15680,2400600,17941,250832,17560,2618,3937,3626,7379,120973,64912,5911,6796,43354,112299,0,0,107165,0,6,2762,2366,233078,227086,137401,60135,135420,85347,39765,84219,11125,13036,1190,16317,42551,7447,2502,2267,1223,4313,0,3912,100,7,1,48.2,25.9,44.8,42.7,0,1.1,12635,7658,3352,7548,4757,2216,4694,620,727,66,909
2016,21102001930100,SOMERSET CO SCHS,24039,N,41540,2400570,2908,47460,6222,1629,798,1855,1940,29528,13281,1750,1855,12642,11710,0,0,11433,0,0,88,189,50058,46566,28238,11144,26246,16604,7360,17899,3274,2886,743,3102,7894,2421,3217,5,270,0,0,0,100,13.1,3.4,62.2,28,24.7,24.1,0,0.2,15861,9710,3832,9025,5710,2531,6155,1126,992,256,1067
2016,21102102030100,TALBOT CO SCHS,24041,548,20660,2400630,4625,60612,4655,1076,1094,1184,1301,17210,4559,912,1609,10130,38747,0,0,37515,0,0,633,599,61168,57828,35095,12964,36860,22968,11727,18707,2085,3517,412,3520,9173,2261,2492,48,800,0,0,0,100,7.7,1.8,28.4,7.5,63.9,61.9,0,1,12432,7588,2803,7970,4966,2536,4045,451,760,89,761
2016,21102202130100,WASHINGTON CO SCHS,24043,548,25180,2400660,22303,320318,23739,6388,5039,7895,4417,186298,98686,8423,7101,72088,110281,0,0,106496,0,188,3066,531,319414,294594,185296,75956,180179,114193,53942,102568,13173,16419,1396,19514,52066,11847,19125,4179,1516,4321,0,4662,100,7.4,2,58.2,30.8,34.4,33.2,0.1,1,13206,8308,3406,8079,5120,2419,4599,591,736,63,875
2016,21102302230100,WICOMICO CO SCHOOLS,24045,N,41540,2400690,14790,222114,18703,4935,3204,5633,4931,149229,70825,7518,5205,65681,54182,0,0,51494,0,14,1831,843,223722,201499,134216,52539,119975,78867,36510,73547,13016,12673,1019,14111,32728,7977,18418,975,2830,8203,0,7357,100,8.4,2.2,67.2,31.9,24.4,23.2,0,0.8,13604,9075,3552,8112,5332,2469,4973,880,857,69,954
2016,21102402330100,WORCESTER CO BOARD OF EDUCATION,24047,N,41540,2400720,6660,128956,9087,1774,2404,1771,3138,26343,6531,1759,2981,15072,93526,0,0,92060,0,0,694,772,128590,113939,78806,28928,74116,47322,21449,36877,4362,6982,485,7455,17593,2946,14607,44,0,0,0,0,100,7,1.4,20.4,5.1,72.5,71.4,0,0.5,17066,11833,4344,11129,7105,3221,5537,655,1048,73,1119
2016,21200400130100,BALTIMORE CITY SCHOOLS,24510,548,12580,2400090,83666,1420023,160881,52749,22568,49872,35692,970520,399097,67776,19450,484197,288622,0,0,269216,0,0,1783,17623,1368644,1269079,723143,325350,776316,468833,227428,444686,52306,72193,30439,97690,192058,48077,55559,38826,5180,9979,0,8312,100,11.3,3.7,68.3,28.1,20.3,19,0,0.1,15168,8643,3889,9279,5604,2718,5315,625,863,364,1168
2017,21100100130100,ALLEGANY COUNTY PUBLIC SCHOOLS,24001,N,19060,2400030,8702,151059,11932,2778,2482,2989,3683,106788,41265,10816,4647,50060,32339,0,0,30306,0,0,1195,838,148271,124578,91520,32724,81065,47832,23207,37906,4933,4927,721,8242,19083,5607,23583,76,34,707,0,519,100,7.9,1.8,70.7,27.3,21.4,20.1,0,0.8,14254,10517,3761,9316,5497,2667,4356,567,566,83,947
2017,21100200230100,ANNE ARUNDEL CO SCHS,24003,548,12580,2400060,81379,1276972,58216,12758,17896,16831,10731,469274,220957,27545,23300,197472,749482,0,0,732821,0,0,11606,5055,1274813,1118279,753870,286368,716642,438672,207056,371709,45159,54906,7902,79077,184665,29928,133185,22853,496,17364,0,29640,100,4.6,1,36.7,17.3,58.7,57.4,0,0.9,13735,9264,3519,8806,5390,2544,4568,555,675,97,972
2017,21100300330100,BALTIMORE COUNTY SCHOOLS,24005,548,12580,2400120,112139,1840240,105625,28301,25793,31376,20155,767249,383989,53710,30501,299049,967366,0,0,950077,0,0,13303,3986,1853448,1599369,1123637,406046,1010166,609635,277922,541868,84510,69919,9401,115191,262847,47335,208241,44738,1100,16400,0,15749,100,5.7,1.5,41.7,20.9,52.6,51.6,0,0.7,14256,10020,3621,9008,5436,2478,4832,754,624,84,1027
2017,21100500430100,CALVERT CO SCHS,24009,548,47900,2400150,15950,251983,10997,1741,3566,1564,4126,106601,60771,4672,5736,35422,134385,0,0,128454,0,0,1224,4707,246058,222703,150326,56778,142355,92357,42457,74067,10146,8015,1340,12702,41864,6281,21185,1962,208,4164,0,1311,100,4.4,0.7,42.3,24.1,53.3,51,0,0.5,13869,9425,3560,8925,5790,2662,4644,636,503,84,796
2017,21100600530100,CAROLINE CO SCHS,24011,N,N,2400180,5705,80821,8062,1871,1395,2605,2191,55390,26959,2799,2653,22979,17369,0,0,13983,0,0,779,2607,83220,78786,48253,19077,48344,30650,13343,25642,3891,4082,771,5048,11850,4800,2781,1625,28,559,0,571,100,10,2.3,68.5,33.4,21.5,17.3,0,1,13593,8458,3344,8474,5372,2339,4495,682,716,135,885
2017,21100700630100,CARROLL CO SCHS,24013,548,12580,2400210,25255,382253,13777,2396,5669,2764,2948,159263,95257,10603,9779,43624,209213,0,0,204212,0,0,3454,1547,363640,351042,203711,95962,220725,132666,69533,124124,19135,17095,1310,23115,63469,6193,12170,242,186,8694,0,3720,100,3.6,0.6,41.7,24.9,54.7,53.4,0,0.9,13888,8066,3800,8740,5253,2753,4915,758,677,52,915
2017,21100800730100,CECIL COUNTY PUBLIC SCHOOLS,24015,428,37980,2400240,15633,233512,13645,3104,3710,4232,2599,122748,66008,7948,5192,43600,97119,0,0,85699,0,0,1952,9468,223666,208234,135062,49140,132085,86473,35359,69629,10298,10271,1509,15455,32096,6520,12951,2424,57,3051,0,2642,100,5.8,1.3,52.6,28.3,41.6,36.7,0,0.8,13293,8640,3143,8449,5531,2262,4454,659,657,97,989
2017,21100900830100,CHARLES CO SCHS,24017,548,47900,2400270,26390,414693,20515,4071,5042,6750,4652,192602,110193,11456,10781,60172,201576,0,0,191773,0,0,5870,3933,409894,379407,235550,92023,221219,144279,63313,142163,19463,18402,1212,22204,80882,16025,26446,3756,285,5700,0,2883,100,4.9,1,46.4,26.6,48.6,46.2,0,1.4,14268,8926,3487,8383,5467,2399,5387,738,697,46,841
2017,21101000930100,DORCHESTER CO SCHS,24019,548,15700,2400300,4816,76445,8808,2014,1178,2288,3328,47369,20539,856,2479,23495,20268,0,0,19133,0,0,412,723,76610,70855,44481,16668,42788,25894,11558,25328,3206,4881,576,5405,11260,2739,5692,63,0,0,0,0,100,11.5,2.6,62,26.9,26.5,25,0,0.5,14703,9236,3461,8885,5377,2400,5259,666,1013,120,1122
2017,21101101030100,FREDERICK CO SCHOOLS,24021,548,47900,2400330,41317,671063,23443,4797,7789,6118,4739,279844,160820,14848,12284,91892,367776,0,0,359324,0,0,4640,3812,644308,543920,406316,153766,342737,215588,106681,188022,27701,36225,1664,34821,87611,13161,90452,9558,378,16734,0,8215,100,3.5,0.7,41.7,24,54.8,53.5,0,0.7,13142,9834,3722,8295,5218,2582,4551,670,877,40,843
2017,21101201130100,GARRETT COUNTY SCHOOLS,24023,N,N,2400360,3833,59904,5027,1146,1040,1411,1430,25276,11233,990,2968,10085,29601,0,0,28529,0,0,758,314,58489,55573,32311,14224,31479,20340,9245,20993,3429,2218,423,2803,12120,3101,2552,364,0,0,0,0,100,8.4,1.9,42.2,18.8,49.4,47.6,0,1.3,14378,8430,3711,8213,5307,2412,5477,895,579,110,731
2017,21101301230100,HARFORD CO SCH,24025,548,12580,2400390,37426,562136,30848,5374,8773,8072,8629,235526,135402,16563,12549,71012,295762,0,0,283585,0,0,7586,4591,542666,499523,296197,139706,309883,184892,97714,172973,22000,21472,1782,31376,96343,16667,29901,12943,299,8679,0,11121,100,5.5,1,41.9,24.1,52.6,50.4,0,1.3,13332,7914,3733,8280,4940,2611,4622,588,574,48,838
2017,21101401330100,HOWARD COUNTY SCHOOLS,24027,548,12580,2400420,55626,985502,29160,6246,10130,7119,5665,328277,162353,13904,16664,135356,628065,0,0,615277,0,0,7739,5049,984072,893314,623660,225276,639305,424729,177003,231504,17545,6825,13894,79001,114239,22505,86268,4448,42,0,0,0,100,3,0.6,33.3,16.5,63.7,62.4,0,0.8,15921,11212,4050,11493,7635,3182,4162,315,123,250,1420
2017,21101501430100,KENT COUNTY SCHOOLS,24029,N,N,2400450,2001,31375,2767,718,523,0,1526,11066,2634,643,1567,6222,17542,0,0,17112,0,0,255,175,32638,32136,17085,7888,19068,11620,5750,11824,1695,1544,532,2191,5862,1244,457,45,0,0,0,0,100,8.8,2.3,35.3,8.4,55.9,54.5,0,0.8,16018,8538,3942,9529,5807,2874,5909,847,772,266,1095
2017,21101601530100,MONTGOMERY COUNTY SCHOOLS,24031,548,47900,2400480,159010,3089537,116366,24555,28377,38565,24869,862176,361504,55179,40932,404561,2110995,0,0,2081378,0,0,21211,8406,2901866,2565022,1894901,726381,1694301,1101035,508855,811217,99889,158121,12488,168676,372043,59504,292353,43463,1028,47271,0,50732,100,3.8,0.8,27.9,11.7,68.3,67.4,0,0.7,16109,11917,4568,10655,6924,3200,5102,628,994,79,1061
2017,21101701630100,PRINCE GEORGES CO SCHS,24033,548,47900,2400510,130814,2264929,145542,36774,27853,56695,24220,1210795,581671,65413,39916,523795,908592,0,0,856585,0,0,15047,36960,2247080,2038549,1310168,518786,1253387,776459,335125,709633,101762,74900,14448,124600,393923,75529,152749,54683,1099,21977,0,20900,100,6.4,1.6,53.5,25.7,40.1,37.8,0,0.7,15560,10016,3966,9581,5936,2562,5425,778,573,110,952
2017,21101801730100,QUEEN ANNES COUNTY SCHOOLS,24035,548,12580,2400540,7751,105513,5458,1101,1636,1095,1626,40560,22655,2131,3335,12439,59495,0,0,57401,0,0,1221,873,105967,101304,62462,25839,65460,42760,19314,33561,4668,4377,563,5784,18169,2283,3863,800,0,0,0,0,100,5.2,1,38.4,21.5,56.4,54.4,0,1.2,13070,8059,3334,8445,5517,2492,4330,602,565,73,746
2017,21101901830100,ST MARYS CO SCHS,24037,548,15680,2400600,18067,250154,18674,2963,3820,3615,8276,115008,65692,5934,6864,36518,116472,0,0,112872,0,0,2427,1173,246718,238247,137986,60837,142892,88610,40244,88044,11625,13252,1219,16538,45410,7311,6486,1964,21,3121,0,1192,100,7.5,1.2,46,26.3,46.6,45.1,0,1,13151,7637,3367,7909,4905,2227,4873,643,733,67,915
2017,21102001930100,SOMERSET CO SCHS,24039,N,41540,2400570,2958,49383,6400,1619,803,1877,2101,30051,13253,1677,1869,13252,12932,0,0,12639,0,0,111,182,50836,47083,30399,11497,26510,17566,7536,18246,3354,2686,832,3423,7951,2327,3751,2,0,0,0,0,100,13,3.3,60.9,26.8,26.2,25.6,0,0.2,15775,10277,3887,8962,5938,2548,6168,1134,908,281,1157
2017,21102102030100,TALBOT CO SCHS,24041,548,20660,2400630,4593,60560,4527,1119,1214,1192,1002,16988,4646,938,1644,9760,39045,0,0,37538,0,0,630,877,59981,58082,34912,12227,36342,22647,11003,19429,2243,3728,423,3552,9483,2311,1848,51,0,0,0,0,100,7.5,1.8,28.1,7.7,64.5,62,0,1,12565,7601,2662,7912,4931,2396,4230,488,812,92,773
2017,21102202130100,WASHINGTON CO SCHS,24043,548,25180,2400660,22545,310425,22953,6151,4941,8081,3780,181683,100367,8531,7217,65568,105789,0,0,101629,0,0,3078,1082,312993,299967,174492,77463,184561,114303,54955,103675,13296,14509,1405,19977,54488,11731,8194,4601,231,2651,0,1670,100,7.4,2,58.5,32.3,34.1,32.7,0,1,13303,7740,3436,8186,5070,2438,4599,590,644,62,886
2017,21102302230100,WICOMICO CO SCHOOLS,24045,N,41540,2400690,14889,223959,18474,5099,3202,5785,4388,149955,73230,8137,5241,63347,55530,0,0,53407,0,0,1234,889,228579,204778,137366,51935,122288,80481,36023,74219,13272,12484,1227,13950,33286,8271,22921,849,31,4932,0,3271,100,8.2,2.3,67,32.7,24.8,23.8,0,0.6,13706,9226,3488,8213,5405,2419,4985,891,838,82,937
2017,21102402330100,WORCESTER CO BOARD OF EDUCATION,24047,N,41540,2400720,6667,125176,8398,1863,1819,1784,2932,26137,6538,1752,3016,14831,90641,0,0,89441,0,0,674,526,125197,115920,74949,29516,74995,48271,21790,37980,4413,7389,490,7592,18096,2945,9134,143,0,0,0,0,100,6.7,1.5,20.9,5.2,72.4,71.5,0,0.5,17350,11242,4427,11249,7240,3268,5697,662,1108,73,1139
2017,21200400130100,BALTIMORE CITY SCHOOLS,24510,548,12580,2400090,82354,1415593,162251,58673,22078,51062,30438,959194,395307,63805,19413,480669,294148,0,0,274581,0,0,790,18777,1446939,1332778,747373,316523,839843,461282,221071,443170,65252,55314,51470,88647,182487,49765,80213,33677,271,5411,0,4568,100,11.5,4.1,67.8,27.9,20.8,19.4,0,0.1,16184,9075,3843,10198,5601,2684,5381,792,672,625,1076
2015,21100100130100,ALLEGANY COUNTY PUBLIC SCHOOLS,24001,N,19060,2400030,8865,135674,15347,2786,2558,2964,7039,87873,40188,7159,4495,36031,32454,0,0,30305,0,100,1188,861,135116,126995,70536,31778,81485,48661,22164,39768,5051,6749,636,7463,19869,5742,7814,36,271,16842,9200,728,100,11.3,2.1,64.8,29.6,23.9,22.3,0.1,0.9,14256,7957,3585,9192,5489,2500,4486,570,761,72,842
2015,21100200230100,ANNE ARUNDEL CO SCHS,24003,548,12580,2400060,79518,1188415,61031,10857,18144,15539,16491,418825,209529,26900,22026,160370,708559,0,0,694591,0,486,10794,2688,1247092,1051685,616759,264437,665631,430227,188886,357954,43135,52342,7655,76564,178258,28100,146160,24372,24875,591782,108000,42756,100,5.1,0.9,35.2,17.6,59.6,58.4,0,0.9,13220,7756,3325,8371,5410,2375,4502,542,658,96,963
2015,21100300330100,BALTIMORE COUNTY SCHOOLS,24005,548,12580,2400120,109830,1696216,92639,21853,25470,29004,16312,734418,359100,49353,29035,296930,869159,0,0,847765,0,2698,13006,5690,1666459,1474639,874038,408593,892591,569827,278032,538042,78382,65993,10667,113649,269351,44006,137584,40092,14144,488861,85208,24770,100,5.5,1.3,43.3,21.2,51.2,50,0.2,0.8,13424,7958,3720,8127,5188,2531,4899,714,601,97,1035
2015,21100500430100,CALVERT CO SCHS,24009,548,47900,2400150,16031,236526,11689,1403,3187,1384,5715,95853,59672,4357,5589,26235,128984,0,0,124025,0,0,2094,2865,231071,223419,133003,58675,140506,93536,43017,75726,10534,8659,1339,13338,41856,7187,4042,1878,1732,41794,0,5096,100,4.9,0.6,40.5,25.2,54.5,52.4,0,0.9,13813,8297,3660,8765,5835,2683,4724,657,540,84,832
2015,21100600530100,CAROLINE CO SCHS,24011,N,N,2400180,5592,83395,6744,1469,1252,2119,1904,58759,25561,2613,2555,28030,17892,0,0,13437,0,0,698,3757,75847,70845,41857,18184,43021,28300,12667,24279,3723,4182,640,4500,11234,3545,2944,1503,555,17918,5966,1502,100,8.1,1.8,70.5,30.7,21.5,16.1,0,0.8,12576,7485,3252,7693,5061,2265,4342,666,748,114,805
2015,21100700630100,CARROLL CO SCHS,24013,548,12580,2400210,25879,365515,14923,2405,5646,2590,4282,156395,98400,10255,9468,38272,194197,0,0,189147,0,111,3821,1118,363158,352194,198638,95776,222328,135787,69355,123626,18769,16641,1590,23529,63097,6240,6582,173,4209,132152,34338,9071,100,4.1,0.7,42.8,26.9,53.1,51.7,0,1,13598,7676,3701,8591,5247,2680,4777,725,643,61,909
2015,21100800730100,CECIL COUNTY PUBLIC SCHOOLS,24015,428,37980,2400240,15681,238620,14207,3055,3702,4080,3370,121508,64097,7507,4996,44908,102905,0,0,92411,0,29,1962,8503,232737,201938,119853,50885,126537,81790,36501,68734,10168,10911,1650,14328,31677,6667,25178,2975,2646,67928,0,5113,100,6,1.3,50.9,26.9,43.1,38.7,0,0.8,12858,7643,3245,8069,5216,2328,4383,648,696,105,914
2015,21100900830100,CHARLES CO SCHS,24017,548,47900,2400270,26258,401291,18088,3248,5441,5966,3433,193953,108511,8561,10261,66620,189250,0,0,180829,0,0,6148,2273,385937,366115,205777,89253,210306,140489,57848,140786,19578,15906,1384,21687,82231,15023,13933,3171,2718,63118,16200,9411,100,4.5,0.8,48.3,27,47.2,45.1,0,1.5,13831,7837,3399,8009,5350,2203,5362,746,606,53,826
2015,21101000930100,DORCHESTER CO SCHS,24019,548,15700,2400300,4796,70375,7450,1941,1176,1957,2376,40641,19619,831,2384,17807,22284,0,0,21220,0,0,464,600,69035,66567,36317,15552,39651,23625,10691,24312,2891,4677,526,5355,10863,2604,1737,26,705,18574,0,1772,100,10.6,2.8,57.7,27.9,31.7,30.2,0,0.7,13880,7572,3243,8268,4926,2229,5069,603,975,110,1117
2015,21101101030100,FREDERICK CO SCHOOLS,24021,548,47900,2400330,40782,610888,18120,4337,7571,0,6212,277038,162311,14437,11878,88412,315730,0,0,288887,0,0,5978,20865,579034,527422,317494,148897,336259,217001,107386,179211,26405,33211,1461,33449,84685,11952,34197,8774,8641,212782,22027,31803,100,3,0.7,45.4,26.6,51.7,47.3,0,1,12910,7785,3651,8245,5321,2633,4394,647,814,36,820
2015,21101201130100,GARRETT COUNTY SCHOOLS,24023,N,N,2400360,3858,57806,5056,1312,1051,1288,1405,23206,9707,1045,2882,9572,29544,0,0,27508,0,0,790,1246,58783,56063,29972,14367,31201,20318,9292,21887,3286,2511,551,2761,12778,2975,2162,558,0,0,0,0,100,8.7,2.3,40.1,16.8,51.1,47.6,0,1.4,14454,7769,3724,8087,5266,2409,5673,852,651,143,716
2015,21101301230100,HARFORD CO SCH,24025,548,12580,2400390,37536,563266,29577,5088,8419,7414,8656,249637,135824,18606,12174,83033,284052,0,0,270993,0,251,8133,4675,543235,477041,262126,141362,282773,178283,92157,178052,22086,20372,1734,29402,104458,16216,37315,16735,12144,267182,11764,18498,100,5.3,0.9,44.3,24.1,50.4,48.1,0,1.4,12695,6983,3766,7533,4750,2455,4743,588,543,46,783
2015,21101401330100,HOWARD COUNTY SCHOOLS,24027,548,12580,2400420,53685,966804,24228,4338,9627,5795,4468,307359,154100,13524,15928,123807,635217,0,0,621508,0,139,7537,6033,951053,850602,511570,208101,565734,375058,155457,264418,43259,39620,5680,55662,120197,20450,82432,778,17241,258305,79661,27375,100,2.5,0.4,31.8,15.9,65.7,64.3,0,0.8,15714,9529,3876,10538,6986,2896,4925,806,738,106,1037
2015,21101501430100,KENT COUNTY SCHOOLS,24029,N,N,2400450,2106,32323,2155,590,562,0,1003,11672,2680,861,2521,5610,18496,0,0,17895,0,0,300,301,31585,30090,15524,7451,17379,10788,5159,11434,1784,1921,1869,2077,3783,1277,931,564,0,0,0,0,100,6.7,1.8,36.1,8.3,57.2,55.4,0,0.9,14252,7371,3538,8252,5123,2450,5429,847,912,887,986
2015,21101601530100,MONTGOMERY COUNTY SCHOOLS,24031,548,47900,2400480,154434,3159510,117891,22605,29530,33916,31840,811805,344851,53167,38091,375696,2229814,0,0,2194937,0,0,26141,8736,2655060,2343144,1514203,677777,1505204,1009580,461926,781783,93071,165302,12019,157707,353684,56157,224455,39661,47800,1336069,376962,85389,100,3.7,0.7,25.7,10.9,70.6,69.5,0,0.8,15152,9805,4389,9747,6537,2991,5062,603,1070,78,1021
2015,21101701630100,PRINCE GEORGES CO SCHS,24033,548,47900,2400510,127576,2113107,136341,28832,25111,53448,28950,1128845,534087,65527,36645,492586,847921,0,0,759998,0,0,19323,68600,2086668,1852969,1115515,465238,1084389,720375,291268,691599,98824,77143,16097,117703,381832,76981,151216,60159,22324,564990,93694,51407,100,6.5,1.4,53.4,25.3,40.1,36,0,0.9,14492,8744,3647,8500,5647,2283,5421,775,605,126,923
2015,21101801730100,QUEEN ANNES COUNTY SCHOOLS,24035,548,12580,2400540,7724,117721,5733,1185,1647,1057,1844,45957,21823,2220,3240,18674,66031,0,0,63742,0,0,1437,852,120411,97187,56996,24664,62150,41371,18366,32725,4621,4519,505,5643,17437,2312,20038,650,2536,13874,6609,5556,100,4.9,1,39,18.5,56.1,54.1,0,1.2,12579,7379,3193,8046,5356,2378,4237,598,585,65,731
2015,21101901830100,ST MARYS CO SCHS,24037,548,15680,2400600,17887,263763,17527,2522,3709,3513,7783,123660,63976,5162,6677,47845,122576,0,0,118209,0,0,3537,830,254409,218826,121637,58470,128559,82177,38567,82833,10311,14976,1447,15235,40864,7434,32198,2067,1318,42348,0,4023,100,6.6,1,46.9,24.3,46.5,44.8,0,1.3,12201,6800,3269,7187,4594,2156,4631,576,837,81,852
2015,21102001930100,SOMERSET CO SCHS,24039,N,41540,2400570,2938,44796,5464,1687,764,1587,1426,28853,12974,1701,1823,12355,10479,0,0,10155,0,0,105,219,47401,45085,25598,10778,25766,16552,7177,17343,2717,2879,865,3011,7871,1976,1999,28,289,8294,0,1343,100,12.2,3.8,64.4,29,23.4,22.7,0,0.2,15272,8713,3668,8770,5634,2443,5903,925,980,294,1025
2015,21102102030100,TALBOT CO SCHS,24041,548,20660,2400630,4630,60323,3939,1026,964,1135,814,16105,4423,850,1549,9283,40279,0,0,38952,0,0,632,695,58086,55695,32828,15662,35012,21754,11127,18462,2052,3558,397,3463,8992,2221,1326,52,1013,26477,0,2359,100,6.5,1.7,26.7,7.3,66.8,64.6,0,1,11962,7090,3383,7562,4698,2403,3987,443,768,86,748
2015,21102202130100,WASHINGTON CO SCHS,24043,548,25180,2400660,22327,323899,22502,6423,4894,7459,3726,190272,99274,8209,6933,75856,111125,0,0,106509,0,227,3118,1271,316665,293832,171553,74261,177309,115000,51828,104560,13454,16921,1459,19644,53082,11963,17587,3570,1676,52003,7144,3986,100,6.9,2,58.7,30.6,34.3,32.9,0.1,1,13159,7684,3326,7941,5151,2321,4683,603,758,65,880
2015,21102302230100,WICOMICO CO SCHOOLS,24045,N,41540,2400690,14545,210159,18456,5133,3245,5056,5022,138313,68579,7056,5041,57637,53390,0,0,51117,0,29,1414,830,220943,190909,109833,50605,117062,77086,34958,66314,12832,12079,7208,13796,20399,7533,25988,811,3235,83909,4235,7486,100,8.8,2.4,65.8,32.6,25.4,24.3,0,0.7,13108,7551,3479,8048,5300,2403,4559,882,830,496,949
2015,21102402330100,WORCESTER CO BOARD OF EDUCATION,24047,N,41540,2400720,6654,134168,8878,1590,1989,1690,3609,25992,6150,1671,2921,15250,99298,0,0,97877,0,0,676,745,134028,113098,65586,27916,73067,47183,20617,37129,4379,7141,487,7319,17803,2902,20874,56,0,0,0,0,100,6.6,1.2,19.4,4.6,74,73,0,0.5,16954,9857,4195,10981,7091,3098,5580,658,1073,73,1100
2015,21200400130100,BALTIMORE CITY SCHOOLS,24510,548,12580,2400090,84976,1417082,161177,56656,22185,40319,42017,980685,410660,73593,19168,477264,275220,0,0,264056,0,0,2659,8505,1419010,1344184,675311,322559,822104,450779,221412,477439,53064,66571,40547,98000,219257,44641,51959,17643,5224,127011,0,7409,100,11.4,4,69.2,29,19.4,18.6,0,0.2,15818,7947,3796,9675,5305,2606,5619,624,783,477,1153
2013,21100100130100,ALLEGANY COUNTY PUBLIC SCHOOLS,24001,N,19060,2400030,8929,128812,12623,2431,2695,2732,4765,84380,39698,6417,4456,33809,31809,0,0,29728,0,128,1303,650,132643,127827,72749,31059,80779,49808,21537,41267,5040,7195,2004,7765,19263,5781,4275,87,454,9255,8555,9180,100,9.8,1.9,65.5,30.8,24.7,23.1,0.1,1,14250,8147,3478,9047,5578,2412,4622,564,806,224,870
2013,21100200230100,ANNE ARUNDEL CO SCHS,24003,548,12580,2400060,77770,1125008,60765,10642,17500,12350,20273,398054,201138,23570,21337,152009,666189,0,0,652435,0,298,11444,2012,1159942,1009761,578304,270517,639364,399212,192498,345359,41245,51225,7868,75843,169178,25038,108212,21453,20516,487546,74900,38084,100,5.4,0.9,35.4,17.9,59.2,58,0,1,12980,7436,3478,8221,5133,2475,4441,530,659,101,975
2013,21100300330100,BALTIMORE COUNTY SCHOOLS,24005,548,12580,2400120,106927,1579381,96279,22849,24085,25954,23391,691632,337931,44861,27872,280968,791470,0,0,770522,0,3141,14038,3769,1562450,1412452,839012,395694,860662,548278,270618,511876,75980,61598,13165,109619,251514,39914,101770,36631,11597,401276,80245,21652,100,6.1,1.4,43.8,21.4,50.1,48.8,0.2,0.9,13207,7847,3701,8049,5128,2531,4787,711,576,123,1025
2013,21100500430100,CALVERT CO SCHS,24009,548,47900,2400150,16323,241560,9319,1393,3631,1537,2758,101743,59910,4517,5544,31772,130498,0,0,124516,0,0,2342,3640,234896,217858,133667,52406,136733,94291,38495,74237,10106,8462,1041,13556,41072,6888,13110,1980,1948,52284,3071,4711,100,3.9,0.6,42.1,24.8,54,51.5,0,1,13243,8189,3211,8377,5777,2358,4548,619,518,64,830
2013,21100600530100,CAROLINE CO SCHS,24011,N,N,2400180,5585,72790,6316,1072,1366,1910,1968,49994,24201,2648,2532,20613,16480,0,0,13206,0,0,734,2540,71047,66302,39448,16713,40240,26521,11726,22949,3537,3900,744,4116,10652,3113,2724,1490,531,14886,0,1412,100,8.7,1.5,68.7,33.2,22.6,18.1,0,1,11818,7063,2992,7205,4749,2100,4109,633,698,133,737
2013,21100700630100,CARROLL CO SCHS,24013,548,12580,2400210,26687,377348,14909,2388,6768,2457,3296,166739,103432,10680,9413,43214,195700,0,0,190183,0,105,4113,1299,368080,350377,198348,90936,218259,135209,65583,124994,17408,17654,1736,23409,64787,7124,12712,139,4852,114062,6281,8082,100,4,0.6,44.2,27.4,51.9,50.4,0,1.1,13119,7432,3408,8178,5066,2457,4684,652,662,65,877
2013,21100800730100,CECIL COUNTY PUBLIC SCHOOLS,24015,428,37980,2400240,15634,211038,13731,2720,3800,3476,3735,113497,62220,6997,4941,39339,83810,0,0,73122,0,0,2073,8615,208357,195209,117548,48024,121622,80136,34250,67155,9072,10306,1891,14887,30999,6432,7185,3368,2595,64912,717,5279,100,6.5,1.3,53.8,29.5,39.7,34.6,0,1,12460,7519,3072,7779,5126,2191,4295,580,659,121,952
2013,21100900830100,CHARLES CO SCHS,24017,548,47900,2400270,26644,411753,19056,2578,5736,5204,5538,195298,109211,8376,10076,67635,197399,0,0,187632,0,0,7312,2455,393920,348772,201540,79315,199043,137945,51661,135908,18884,16010,2040,21250,77724,13821,39163,3124,2861,68722,7480,11631,100,4.6,0.6,47.4,26.5,47.9,45.6,0,1.8,12996,7564,2977,7470,5177,1939,5101,709,601,77,798
2013,21101000930100,DORCHESTER CO SCHS,24019,548,15700,2400300,4718,67289,6809,1735,1115,1819,2140,37454,17917,802,2332,16403,23026,0,0,21774,0,0,584,668,65697,62173,34803,14729,37661,23723,10217,21946,2611,3935,464,4749,10187,2566,2623,35,866,22110,0,1742,100,10.1,2.6,55.7,26.6,34.2,32.4,0,0.9,13155,7377,3122,7982,5028,2166,4652,553,834,98,1007
2013,21101101030100,FREDERICK CO SCHOOLS,24021,548,47900,2400330,40456,619784,21894,3638,7939,0,10317,276534,157757,14025,11686,93066,321356,0,0,295544,0,0,6738,19074,562025,509040,305688,146376,321129,207905,104866,175992,24746,30711,2104,32657,85774,11919,35319,7669,9997,241782,53926,51018,100,3.5,0.6,44.6,25.5,51.8,47.7,0,1.1,12543,7556,3618,7938,5139,2592,4350,612,759,52,807
2013,21101201130100,GARRETT COUNTY SCHOOLS,24023,N,N,2400360,4004,58128,5512,1167,1071,1257,2017,25421,11209,1193,2859,10160,27195,0,0,26042,0,0,954,199,59787,57932,29664,14550,31653,20566,9787,23306,3120,2344,531,2556,14755,2973,998,857,0,0,0,0,100,9.5,2,43.7,19.3,46.8,44.8,0,1.6,14405,7409,3634,7905,5136,2444,5821,779,585,133,638
2013,21101301230100,HARFORD CO SCH,24025,548,12580,2400390,37868,563734,28177,4285,8847,6790,8255,252026,140759,18219,11988,81060,283531,0,0,261539,0,203,8047,13742,550318,484459,273271,136567,291309,187505,91180,177418,22169,19764,2168,30168,103149,15732,38990,14020,12849,287588,10518,16888,100,5,0.8,44.7,25,50.3,46.4,0,1.4,12780,7216,3606,7693,4952,2408,4685,585,522,57,797
2013,21101401330100,HOWARD COUNTY SCHOOLS,24027,548,12580,2400420,52053,934547,23580,2885,9900,4842,5953,307545,160525,12198,15549,119273,603422,0,0,589213,0,251,8304,5654,902049,781472,484762,186900,517199,355667,140564,245391,36640,36767,4450,55008,112526,18882,97914,6678,15985,441672,45002,23626,100,2.5,0.3,32.9,17.2,64.6,63,0,0.9,14884,9313,3591,9936,6833,2700,4714,704,706,85,1057
2013,21101501430100,KENT COUNTY SCHOOLS,24029,N,N,2400450,2130,33005,3085,647,626,800,1012,12039,4113,804,1513,5609,17881,0,0,17363,0,0,356,162,32856,32161,17537,7384,18382,11623,5183,12462,1829,1815,2782,2252,3784,1317,663,32,0,0,0,0,100,9.3,2,36.5,12.5,54.2,52.6,0,1.1,15061,8233,3467,8630,5457,2433,5851,859,852,1306,1057
2013,21101601530100,MONTGOMERY COUNTY SCHOOLS,24031,548,47900,2400480,148780,2764729,105027,20951,30081,29211,24784,799882,334984,50106,36101,378691,1859820,0,0,1822960,0,0,28430,8430,2499433,2246201,1414028,678143,1434428,940007,457961,759744,88949,166415,15373,155956,333051,52029,171346,36808,45078,1038899,149791,76910,100,3.8,0.8,28.9,12.1,67.3,65.9,0,1,15080,9504,4558,9641,6318,3078,5106,598,1119,103,1048
2013,21101701630100,PRINCE GEORGES CO SCHS,24033,548,47900,2400510,123737,2138117,141722,34793,25907,42789,38233,1064292,503735,58185,37200,465172,932103,0,0,879998,0,0,25634,26471,2006738,1747164,988429,455628,1003338,634401,286440,677477,80502,74811,14057,114229,393878,66349,189343,51969,18262,558506,239456,127494,100,6.6,1.6,49.8,23.6,43.6,41.2,0,1.2,14101,7988,3682,8109,5127,2315,5475,651,605,114,923
2013,21101801730100,QUEEN ANNES COUNTY SCHOOLS,24035,548,12580,2400540,7752,103409,5791,947,1836,952,2056,39150,21117,2215,3213,12605,58468,0,0,55920,0,0,1625,923,101425,90689,52960,22252,57075,38039,16535,31187,4476,4048,536,5419,16708,2427,7391,707,2638,18438,0,5426,100,5.6,0.9,37.9,20.4,56.5,54.1,0,1.6,11699,6832,2870,7363,4907,2133,4023,577,522,69,699
2013,21101901830100,ST MARYS CO SCHS,24037,548,15680,2400600,17453,225194,16419,2297,3471,3121,7530,109577,63311,5145,6538,34583,99198,0,0,94638,0,0,3792,768,225122,217618,121513,57011,128337,82133,37618,82053,9888,14212,1428,14907,41618,7228,4238,1611,1655,50010,0,4425,100,7.3,1,48.7,28.1,44.1,42,0,1.7,12441,6962,3267,7353,4706,2155,4701,567,814,82,854
2013,21102001930100,SOMERSET CO SCHS,24039,N,41540,2400570,2943,41580,5509,1568,776,1190,1975,26299,11995,1680,1766,10858,9772,0,0,9297,0,0,236,239,42014,40325,23635,9578,23161,15501,6530,15371,2301,2631,2590,2646,5203,1793,872,441,376,6770,0,897,100,13.2,3.8,63.2,28.8,23.5,22.4,0,0.6,13635,8031,3255,7870,5267,2219,5223,782,894,880,899
2013,21102102030100,TALBOT CO SCHS,24041,548,20660,2400630,4570,60183,3981,879,1091,956,1055,15930,4333,786,1527,9284,40272,0,0,39114,0,0,752,406,57938,54537,32565,14599,33384,21053,10186,18928,1876,4310,527,3023,9192,2225,2176,54,1171,31090,0,2191,100,6.6,1.5,26.5,7.2,66.9,65,0,1.2,11863,7126,3195,7305,4607,2229,4142,411,943,115,661
2013,21102202130100,WASHINGTON CO SCHS,24043,548,25180,2400660,22403,306909,21095,4247,4839,6355,5654,182837,94706,7742,6780,73609,102977,0,0,98047,0,234,3669,1027,304119,281750,163960,71242,169994,110084,50053,101077,12461,15819,1793,19614,51390,10679,18191,2682,1496,45322,3195,4194,100,6.9,1.4,59.6,30.9,33.6,31.9,0.1,1.2,12576,7319,3180,7588,4914,2234,4512,556,706,80,876
2013,21102302230100,WICOMICO CO SCHOOLS,24045,N,41540,2400690,14489,208896,20508,4443,3279,4750,8036,136649,65492,6716,5352,59089,51739,0,0,49395,0,77,1595,672,204877,188069,110529,47895,110814,74088,32685,69827,12149,12180,891,12823,31784,7428,12912,894,3002,79009,12500,7220,100,9.8,2.1,65.4,31.4,24.8,23.6,0,0.8,12962,7628,3306,7648,5113,2256,4819,838,841,61,885
2013,21102402330100,WORCESTER CO BOARD OF EDUCATION,24047,N,41540,2400720,6650,109252,7491,1233,1478,1645,3135,26282,6329,1563,2883,15507,75479,0,0,74454,0,0,790,235,111927,107380,63922,26112,67983,45850,18503,36559,4044,6661,424,6941,18489,2838,1833,81,2633,30274,0,0,100,6.9,1.1,24.1,5.8,69.1,68.1,0,0.7,16101,9612,3927,10223,6895,2782,5498,608,1002,64,1044
2013,21200400130100,BALTIMORE CITY SCHOOLS,24510,548,12580,2400090,84747,1432281,178834,62103,26897,37902,51932,980398,442219,19336,18540,500303,273049,0,0,260145,0,0,3553,9351,1426977,1275435,680934,306765,760541,455024,193652,471471,51017,71913,39282,108419,200840,43423,81626,63680,6236,140515,0,5825,100,12.5,4.3,68.5,30.9,19.1,18.2,0,0.2,15050,8035,3620,8974,5369,2285,5563,602,849,464,1279
2014,21100100130100,ALLEGANY COUNTY PUBLIC SCHOOLS,24001,N,19060,2400030,8872,131424,13893,2624,2606,2893,5770,85584,40040,6809,4488,34247,31947,0,0,29894,0,77,1204,772,133711,127837,71411,32175,80788,48622,22146,41337,5126,6991,661,7542,21017,5712,5529,74,271,8370,0,885,100,10.6,2,65.1,30.5,24.3,22.7,0.1,0.9,14341,8049,3627,9106,5480,2496,4659,578,788,75,850
2014,21100200230100,ANNE ARUNDEL CO SCHS,24003,548,12580,2400060,78489,1173577,58665,10183,17823,13825,16834,433397,208349,25950,21681,177417,681515,0,0,667545,0,144,11110,2716,1201577,1033913,596268,271753,650468,412083,192250,357302,42084,52007,6699,77466,179046,26143,121903,23608,22153,526538,79081,40090,100,5,0.9,36.9,17.8,58.1,56.9,0,0.9,13167,7597,3462,8287,5250,2449,4552,536,663,85,987
2014,21100300330100,BALTIMORE COUNTY SCHOOLS,24005,548,12580,2400120,108191,1622912,93314,24340,24055,27184,17735,693631,350450,47311,28455,267415,835967,0,0,814836,0,3060,13478,4593,1596266,1443417,846975,402772,879352,554522,275015,523094,76949,60137,11334,111451,263223,40971,102756,37372,12721,428013,55621,28884,100,5.7,1.5,42.7,21.6,51.5,50.2,0.2,0.8,13338,7829,3723,8128,5125,2542,4835,711,556,105,1030
2014,21100500430100,CALVERT CO SCHS,24009,548,47900,2400150,16221,244825,11649,1322,3192,1647,5488,100807,59438,4449,5527,31393,132369,0,0,125954,0,0,2497,3918,237267,222159,134872,54324,139237,95356,40038,75701,10098,7964,1657,13524,42458,7221,11325,1908,1875,46890,414,5808,100,4.8,0.5,41.2,24.3,54.1,51.4,0,1,13578,8315,3349,8584,5879,2468,4667,623,491,102,834
2014,21100600530100,CAROLINE CO SCHS,24011,N,N,2400180,5545,76129,7127,1453,1411,2077,2186,52230,24690,2574,2525,22441,16772,0,0,13416,0,0,716,2640,90181,68758,40797,17236,41548,27280,11951,23982,3679,4092,888,4412,10911,3228,19269,1650,504,13454,0,1432,100,9.4,1.9,68.6,32.4,22,17.6,0,0.9,12344,7357,3108,7493,4920,2155,4325,663,738,160,796
2014,21100700630100,CARROLL CO SCHS,24013,548,12580,2400210,26331,379049,14291,2278,5617,2498,3898,166455,100669,10308,9382,46096,198303,0,0,193251,0,90,3891,1071,373491,349281,198926,92757,218070,135172,66558,124771,18209,17266,1541,24107,63648,6440,19316,184,4710,106885,1852,9029,100,3.8,0.6,43.9,26.6,52.3,51,0,1,13255,7555,3523,8282,5134,2528,4739,692,656,59,916
2014,21100800730100,CECIL COUNTY PUBLIC SCHOOLS,24015,428,37980,2400240,15824,214985,14232,2711,3594,3751,4176,112482,62005,7215,4944,38318,88271,0,0,77614,0,0,2052,8605,213373,199606,118708,51412,124949,81221,36679,68329,9802,9946,1641,15321,31619,6328,8298,2965,2504,73914,14325,5323,100,6.6,1.3,52.3,28.8,41.1,36.1,0,1,12599,7502,3249,7896,5133,2318,4318,619,629,104,968
2014,21100900830100,CHARLES CO SCHS,24017,548,47900,2400270,26455,417524,18105,3358,5374,5519,3854,191809,109174,8195,10130,64310,207610,0,0,199369,0,0,6712,1529,415881,361227,202026,85240,206263,138986,53029,141175,22853,16018,1415,21306,79583,13789,49197,2790,2667,56329,0,12393,100,4.3,0.8,45.9,26.1,49.7,47.8,0,1.6,13556,7637,3222,7797,5254,2004,5336,864,605,53,805
2014,21101000930100,DORCHESTER CO SCHS,24019,548,15700,2400300,4766,69051,6456,1964,1151,1855,1486,40159,18643,763,2347,18406,22436,0,0,21042,0,0,536,858,67484,63681,34927,15747,37818,23179,10756,23299,2741,4542,485,4961,10570,2564,2994,48,761,20312,0,1798,100,9.3,2.8,58.2,27,32.5,30.5,0,0.8,13340,7328,3304,7935,4863,2257,4889,575,953,102,1041
2014,21101101030100,FREDERICK CO SCHOOLS,24021,548,47900,2400330,40648,613079,18658,3889,7569,0,7200,280757,162413,14159,11725,92460,313664,0,0,284754,0,0,6350,22560,591215,522196,315096,144520,327061,214702,102581,183616,25783,32531,1756,33253,90293,11519,51559,7989,9471,222558,0,19224,100,3,0.6,45.8,26.5,51.2,46.4,0,1,12821,7752,3555,8046,5282,2524,4517,634,800,43,818
2014,21101201130100,GARRETT COUNTY SCHOOLS,24023,N,N,2400360,3886,56271,4505,1356,1066,1253,830,24262,9947,1054,2867,10394,27504,0,0,26213,0,0,882,409,57093,55474,29605,14591,31675,20570,9575,20823,3038,2299,497,2660,12329,2976,1056,563,0,0,0,0,100,8,2.4,43.1,17.7,48.9,46.6,0,1.6,14209,7618,3755,8151,5293,2464,5358,782,592,128,685
2014,21101301230100,HARFORD CO SCH,24025,548,12580,2400390,37842,551778,28966,5322,8453,7011,8180,243838,137168,18664,12031,75975,278974,0,0,259852,0,206,7986,10930,538611,478463,265589,138999,285275,181711,91450,177445,22018,19173,1766,29974,104514,15743,31908,15601,12639,273915,3860,17533,100,5.2,1,44.2,24.9,50.6,47.1,0,1.4,12630,7018,3673,7539,4802,2417,4689,582,507,47,792
2014,21101401330100,HOWARD COUNTY SCHOOLS,24027,548,12580,2400420,52806,941940,23233,4421,9361,5198,4253,303202,160402,11778,15642,115380,615505,0,0,601934,0,194,7754,5623,922802,818087,493655,204803,548106,362790,153535,250239,38470,37677,4669,56482,112941,19742,87430,714,16571,457807,60182,44047,100,2.5,0.5,32.2,17,65.3,63.9,0,0.8,15358,9348,3878,10380,6870,2908,4739,729,713,88,1070
2014,21101501430100,KENT COUNTY SCHOOLS,24029,N,N,2400450,2117,32048,2147,760,546,0,841,12018,3814,791,1509,5904,17883,0,0,17251,0,0,362,270,32172,30781,15703,7313,18164,10929,5207,11381,1903,1599,2067,1991,3821,1236,793,598,0,0,0,0,100,6.7,2.4,37.5,11.9,55.8,53.8,0,1.1,14506,7418,3454,8580,5162,2460,5376,899,755,976,940
2014,21101601530100,MONTGOMERY COUNTY SCHOOLS,24031,548,47900,2400480,151295,2839428,112970,25164,30203,31641,25962,802058,339420,52485,36986,373167,1924400,0,0,1888537,0,0,26607,9256,2675677,2299796,1460591,683959,1476663,978198,463072,769151,89910,167093,10956,157218,343974,53982,288500,41719,45662,1044497,92095,86497,100,4,0.9,28.2,12,67.8,66.5,0,0.9,15181,9654,4521,9760,6466,3061,5084,594,1104,72,1039
2014,21101701630100,PRINCE GEORGES CO SCHS,24033,548,47900,2400510,125136,2031990,137340,31642,24875,47093,33730,1066361,515305,62977,37367,450712,828289,0,0,748892,0,0,23740,55657,1977880,1754043,1038321,453902,1027634,670291,285847,654697,84592,73636,12361,112939,371169,71712,146228,55762,21847,522703,0,35803,100,6.8,1.6,52.5,25.4,40.8,36.9,0,1.2,13994,8298,3627,8212,5357,2284,5232,676,588,99,903
2014,21101801730100,QUEEN ANNES COUNTY SCHOOLS,24035,548,12580,2400540,7716,101549,5556,1220,1567,978,1791,42342,21375,2236,3205,15526,53651,0,0,51012,0,3,1513,1123,100429,90211,51678,23852,58862,39217,17682,29097,4575,4005,3785,5556,11176,2252,7100,619,2499,12821,0,5617,100,5.5,1.2,41.7,21,52.8,50.2,0,1.5,11691,6698,3091,7629,5083,2292,3771,593,519,491,720
2014,21101901830100,ST MARYS CO SCHS,24037,548,15680,2400600,17841,239310,16602,2341,3884,3302,7075,117787,62656,4911,6554,43666,104921,0,0,100150,0,0,3776,995,241107,223015,123593,60608,130472,83407,39444,84994,10405,15699,1502,15337,42051,7549,14874,1674,1544,46370,287,3927,100,6.9,1,49.2,26.2,43.8,41.8,0,1.6,12463,6927,3397,7313,4675,2211,4764,583,880,84,860
2014,21102001930100,SOMERSET CO SCHS,24039,N,41540,2400570,2945,44879,4957,1508,764,1237,1448,29852,12913,1276,1792,13871,10070,0,0,9740,0,0,203,127,44171,42496,23906,10590,24497,15514,7148,16161,2470,2640,805,3045,7201,1838,1352,0,323,9637,4075,1208,100,11,3.4,66.5,28.8,22.4,21.7,0,0.5,14359,8117,3596,8318,5268,2427,5488,839,896,273,1034
2014,21102102030100,TALBOT CO SCHS,24041,548,20660,2400630,4537,60405,4233,963,1081,1039,1150,15929,4381,788,1526,9234,40243,0,0,38827,0,0,646,770,58028,55157,32803,14681,34276,21565,10452,18706,2086,3629,520,3461,9010,2175,1698,63,1110,28835,0,2255,100,7,1.6,26.4,7.3,66.6,64.3,0,1.1,12085,7230,3236,7555,4753,2304,4123,460,800,115,763
2014,21102202130100,WASHINGTON CO SCHS,24043,548,25180,2400660,22495,320228,21002,5044,5194,6888,3876,185000,96949,7701,6817,73533,114226,0,0,109827,0,266,3429,704,322111,287334,167374,73103,172551,112060,51212,103491,12590,16357,1631,19763,53150,11292,29976,3016,1785,48846,7155,3631,100,6.6,1.6,57.8,30.3,35.7,34.3,0.1,1.1,12771,7440,3250,7671,4982,2277,4601,560,727,73,879
2014,21102302230100,WICOMICO CO SCHOOLS,24045,N,41540,2400690,14431,234199,17952,4860,2987,4772,5333,163821,67295,6910,5040,84576,52426,0,0,50195,0,78,1529,624,240546,191581,112577,49059,114282,75364,33677,69857,12890,11718,965,13277,31007,7442,45438,541,2986,87157,14837,6688,100,7.7,2.1,69.9,28.7,22.4,21.4,0,0.7,13255,7801,3400,7919,5222,2334,4841,893,812,67,920
2014,21102402330100,WORCESTER CO BOARD OF EDUCATION,24047,N,41540,2400720,6649,119480,7616,1749,1529,1728,2610,31123,6395,1686,2886,20156,80741,0,0,79600,0,0,690,451,122028,109674,64091,26756,68910,45947,18471,37862,4100,6897,406,8865,17594,2902,9702,65,2587,95200,43000,7257,100,6.4,1.5,26,5.4,67.6,66.6,0,0.6,16449,9639,4024,10364,6910,2778,5694,617,1037,61,1333
2014,21200400130100,BALTIMORE CITY SCHOOLS,24510,548,12580,2400090,84730,1466484,172564,61297,20910,38112,52245,991832,386251,77477,19486,508618,302088,0,0,284048,0,0,3386,14654,1459738,1318708,684423,321079,779031,451001,219224,497385,53350,78579,37998,105796,221662,42292,72998,62503,5529,134420,0,6095,100,11.8,4.2,67.6,26.3,20.6,19.4,0,0.2,15564,8078,3789,9194,5323,2587,5870,630,927,448,1249
2012,21100200230100,ANNE ARUNDEL CO SCHS,24003,548,12580,2400060,76303,1088736,55614,10544,20385,11165,13520,402917,195781,23412,21002,162722,630205,0,0,614916,0,387,12353,2549,1128315,973849,570905,251624,613482,392464,178317,337359,40611,49133,6657,74986,165972,23008,114515,20538,19413,450730,61680,33865,100,5.1,1,37,18,57.9,56.5,0,1.1,12762,7482,3298,8040,5143,2337,4421,532,644,87,983
2012,21100300330100,BALTIMORE COUNTY SCHOOLS,24005,548,12580,2400120,105153,1589273,90954,17502,25855,23587,24010,676250,332873,45423,27122,270832,822069,0,0,800850,0,3139,14987,3093,1560907,1361050,826259,377502,837765,541991,261488,485506,74900,57738,12471,106253,234144,37779,150059,35353,14445,342683,20000,19761,100,5.7,1.1,42.6,20.9,51.7,50.4,0.2,0.9,12940,7858,3590,7967,5154,2487,4617,712,549,119,1010
2012,21100500430100,CALVERT CO SCHS,24009,548,47900,2400150,16553,244940,10271,1472,4240,1544,3015,106263,61062,4750,5503,34948,128406,0,0,121027,0,0,2529,4850,247024,219460,135769,51135,138323,97051,37563,74236,9802,7985,1056,13425,41968,6901,15227,10410,1927,53924,2587,4458,100,4.2,0.6,43.4,24.9,52.4,49.4,0,1,13155,8202,3089,8356,5863,2269,4485,592,482,64,811
2012,21100600530100,CAROLINE CO SCHS,24011,N,N,2400180,5545,70287,7182,1374,1426,1724,2658,47340,23828,2402,2469,18641,15765,0,0,12299,0,0,771,2695,70314,66029,39904,16435,41159,27673,11631,22435,3574,3612,729,4329,10191,2435,2326,1416,543,16297,0,1254,100,10.2,2,67.4,33.9,22.4,17.5,0,1.1,11908,7196,2964,7423,4991,2098,4046,645,651,131,781
2012,21100700630100,CARROLL CO SCHS,24013,548,12580,2400210,27082,399621,19852,1577,7480,2269,8526,180518,104823,10858,9426,55411,199251,0,0,194228,0,95,4190,738,386306,340959,196263,89578,209313,134071,63457,125008,17308,17566,1690,23095,65349,6638,35146,5241,4960,115862,6914,8564,100,5,0.4,45.2,26.2,49.9,48.6,0,1,12580,7247,3308,7729,4951,2343,4616,639,649,62,853
2012,21100800730100,CECIL COUNTY PUBLIC SCHOOLS,24015,428,37980,2400240,15827,209828,13993,2425,4059,3403,4106,114337,63388,7443,4867,38639,81498,0,0,69362,0,0,2325,9811,201088,189102,115406,46899,119133,79327,33938,63534,9041,8654,1975,14769,29095,6435,5809,3578,2599,69474,220,6346,100,6.7,1.2,54.5,30.2,38.8,33.1,0,1.1,11921,7292,2963,7527,5012,2144,4014,571,547,125,933
2012,21100900830100,CHARLES CO SCHS,24017,548,47900,2400270,26778,379886,23686,2451,6024,4859,10352,183253,110259,7907,9964,55123,172947,0,0,164385,0,0,7124,1438,358993,344421,200706,78644,199963,137490,53497,131042,18314,16551,2710,21145,72322,13416,8191,3381,3000,72872,2195,12000,100,6.2,0.6,48.2,29,45.5,43.3,0,1.9,12764,7495,2937,7467,5134,1998,4894,684,618,101,790
2012,21101000930100,DORCHESTER CO SCHS,24019,N,15700,2400300,4647,62375,5826,1752,1174,1690,1210,38169,17312,1254,2300,17303,18380,0,0,16759,0,0,613,1008,64210,59838,34089,14259,35725,22842,9902,21627,2498,4239,450,4641,9799,2486,3492,50,830,24231,0,1688,100,9.3,2.8,61.2,27.8,29.5,26.9,0,1,12856,7336,3068,7688,4915,2131,4654,538,912,97,999
2012,21101101030100,FREDERICK CO SCHOOLS,24021,548,47900,2400330,40413,618540,20512,3401,7726,4506,4879,271775,154108,14853,11571,91243,326253,0,0,307174,0,0,7349,11730,558687,505541,305531,143027,319554,208123,101378,174920,24937,30072,2366,33401,84144,11067,34492,7321,11333,238874,43390,55173,100,3.3,0.5,43.9,24.9,52.7,49.7,0,1.2,12484,7560,3539,7907,5150,2509,4328,617,744,59,826
2012,21101201130100,GARRETT COUNTY SCHOOLS,24023,N,N,2400360,4077,58139,4962,1225,1291,1191,1255,26897,12249,1253,2826,10569,26280,0,0,25018,0,0,1046,216,59543,58006,31561,14838,33583,22063,10519,21468,3196,2361,528,2731,12652,2955,527,1010,0,0,0,0,100,8.5,2.1,46.3,21.1,45.2,43,0,1.8,14161,7741,3639,8237,5412,2580,5266,784,579,130,670
2012,21101301230100,HARFORD CO SCH,24025,548,12580,2400390,38224,562869,28187,3797,10229,6292,7869,259493,143436,19385,11859,84813,275189,0,0,260197,0,294,8651,6047,544760,488061,276573,136525,296826,190079,94765,175917,22403,21041,2134,30743,99596,15318,29514,13410,13775,293957,15343,16381,100,5,0.7,46.1,25.5,48.9,46.2,0.1,1.5,12758,7236,3572,7765,4973,2479,4602,586,550,56,804
2012,21101401330100,HOWARD COUNTY SCHOOLS,24027,548,12580,2400420,51555,889422,23875,2140,10672,4493,6570,282270,158803,12072,15251,96144,583277,0,0,570009,0,275,9076,3917,858194,767149,464975,180642,504862,342877,135756,247386,35731,39010,4260,53601,114784,14901,71887,3792,15366,420296,14206,26917,100,2.7,0.2,31.7,17.9,65.6,64.1,0,1,14747,9019,3504,9793,6651,2633,4798,693,757,83,1040
2012,21101501430100,KENT COUNTY SCHOOLS,24029,N,N,2400450,2162,31833,3375,493,617,795,1470,11771,4206,565,1483,5517,16687,0,0,16128,0,0,403,156,31977,31517,17699,6826,17874,11764,4798,12317,1484,1855,2746,2164,4068,1326,423,37,0,0,0,0,100,10.6,1.5,37,13.2,52.4,50.7,0,1.3,14543,8186,3157,8267,5441,2219,5697,686,858,1270,1001
2012,21101601530100,MONTGOMERY COUNTY SCHOOLS,24031,548,47900,2400480,146459,2854888,109485,20301,31700,27269,30215,759591,322005,45761,35211,356614,1985812,0,0,1945509,0,0,29575,10728,2646912,2180396,1375863,648602,1387437,909779,438953,743231,87942,164772,14111,151655,324751,49728,391146,36227,39143,966018,109098,75962,100,3.8,0.7,26.6,11.3,69.6,68.1,0,1,14873,9394,4429,9473,6212,2997,5075,600,1125,96,1035
2012,21101701630100,PRINCE GEORGES CO SCHS,24033,548,47900,2400510,123833,2065364,145794,37217,29999,41036,37542,1017616,493467,54840,37045,432264,901954,0,0,843172,0,0,27904,30878,1845509,1678126,980525,444497,973389,627105,280146,640315,81667,67223,14310,112288,364827,64422,98263,50646,18474,446544,98885,141157,100,7.1,1.8,49.3,23.9,43.7,40.8,0,1.4,13535,7918,3589,7860,5064,2262,5171,659,543,116,907
2012,21101801730100,QUEEN ANNES COUNTY SCHOOLS,24035,548,12580,2400540,7761,103463,5534,970,1673,894,1997,43748,20778,2120,3173,17677,54181,0,0,51882,0,0,1977,322,108299,88116,50684,22485,55155,36319,16590,30712,4417,4099,491,5334,16371,2249,16353,832,2998,23865,0,5362,100,5.3,0.9,42.3,20.1,52.4,50.1,0,1.9,11354,6531,2897,7107,4680,2138,3957,569,528,63,687
2012,21101901830100,ST MARYS CO SCHS,24037,548,30500,2400600,17449,218360,15847,2223,4415,2961,6248,108864,61756,5177,6410,35521,93649,0,0,89494,0,40,3702,413,220955,208898,120063,54063,123004,81722,36001,78875,9438,13185,1226,13955,41071,7019,8776,1454,1827,54435,1355,4540,100,7.3,1,49.9,28.3,42.9,41,0,1.7,11956,6881,3098,7049,4683,2063,4520,541,756,70,800
2012,21102001930100,SOMERSET CO SCHS,24039,480,41540,2400570,2882,44791,5567,1656,933,1172,1806,29448,12030,1240,1757,14421,9776,0,0,8724,0,0,0,1052,45467,40749,23806,9641,23087,15475,6488,15867,2216,4133,396,2152,6970,1795,4299,14,405,7668,0,864,100,12.4,3.7,65.7,26.9,21.8,19.5,0,0,14070,8260,3345,8011,5370,2251,5506,769,1434,137,747
2012,21102102030100,TALBOT CO SCHS,24041,N,20660,2400630,4547,54919,3812,723,1249,922,918,15311,4289,804,1491,8727,35796,0,0,34093,0,0,794,909,56115,51724,30788,13850,31328,20051,9341,18338,1963,3521,489,3407,8958,2058,3118,43,1230,33452,0,2106,100,6.9,1.3,27.9,7.8,65.2,62.1,0,1.4,11321,6771,3046,6890,4410,2054,4033,432,774,108,749
2012,21102202130100,WASHINGTON CO SCHS,24043,N,25180,2400660,22240,298631,21794,4591,5561,6036,5606,175811,97475,8026,6702,63608,101026,0,0,95723,0,255,3826,1222,296808,279876,163218,70598,168897,108928,49233,100275,9826,17033,1631,19473,52312,10704,12239,2821,1872,46322,589,4306,100,7.3,1.5,58.9,32.6,33.8,32.1,0.1,1.3,12583,7339,3174,7594,4898,2214,4509,442,766,73,876
2012,21102302230100,WICOMICO CO SCHOOLS,24045,480,41540,2400690,14520,199852,16433,3843,3467,4458,4665,130716,63928,6281,4836,55671,52703,0,0,47019,0,106,1964,3614,194631,183060,107445,47118,110168,72671,33215,66026,11903,11547,874,12300,29402,6866,8090,222,3259,74016,0,7564,100,8.2,1.9,65.4,32,26.4,23.5,0.1,1,12594,7400,3245,7587,5005,2288,4547,820,795,60,847
2012,21102402330100,WORCESTER CO BOARD OF EDUCATION,24047,480,36180,2400720,6643,112484,9470,1614,2153,1643,4060,26403,6330,1478,2849,15746,76611,0,0,75489,0,0,796,326,115349,108141,63628,26255,69182,45628,19230,36091,4372,7246,454,6837,17182,2868,4251,72,2885,30274,0,6268,100,8.4,1.4,23.5,5.6,68.1,67.1,0,0.7,16234,9578,3952,10414,6869,2895,5433,658,1091,68,1029
2012,21200400130100,BALTIMORE CITY SCHOOLS,24510,548,12580,2400090,84212,1459517,203999,74748,30089,34816,64346,983161,386062,73084,19106,504909,272357,0,0,254983,0,0,3848,13526,1478108,1287344,692511,319350,751045,456512,184718,497847,50264,78159,94005,130710,144709,38452,115390,68222,7152,146340,0,5235,100,14,5.1,67.4,26.5,18.7,17.5,0,0.3,15287,8223,3792,8919,5421,2193,5912,597,928,1116,1552
2011,2.11002E+13,ANNE ARUNDEL CO SCHS,24003,548,12580,2400060,75481,1102787,78339,10334,26055,9812,32138,360457,176821,23597,18996,141043,663991,0,0,631068,0,318,26681,5924,1145368,983058,576882,246502,616571,398297,177497,329611,40079,49397,6794,73802,159539,36876,125216,19940,17154,422995,76540,23777,100,7.1,0.9,32.7,16,60.2,57.2,0,2.4,13019,7643,3266,8169,5277,2352,4367,531,654,90,978
2011,2.11003E+13,BALTIMORE COUNTY SCHOOLS,24005,548,12580,2400120,104160,1555549,138275,27187,40779,21375,48934,609619,316174,44344,24540,224561,807655,0,0,768781,0,3612,32070,3192,1537580,1380557,832885,360498,839877,545849,248464,487351,72466,64428,12279,103053,235125,53329,108662,35260,13101,342444,89000,18327,100,8.9,1.7,39.2,20.3,51.9,49.4,0.2,2.1,13252,7996,3461,8063,5240,2385,4679,696,619,118,989
2011,2.11005E+13,CALVERT CO SCHS,24009,548,47900,2400150,16795,257113,15675,1621,4716,1453,7885,108766,60836,5426,5010,37494,132672,0,0,122200,0,0,7649,2823,253840,224977,138050,50480,139883,99040,37376,72842,9628,8296,1248,12662,41008,12252,24048,3179,1636,55795,14691,4318,100,6.1,0.6,42.3,23.7,51.6,47.5,0,3,13326,8220,3006,8329,5897,2225,4337,573,494,74,754
2011,2.11006E+13,CAROLINE CO SCHS,24011,N,N,2400180,5517,74545,8749,1266,1965,1525,3993,48680,22829,2313,2248,21290,17116,0,0,12416,0,0,1768,2932,76133,66036,39670,16018,40709,27291,11358,22144,3644,3571,734,4155,10040,3183,8497,810,790,17552,135,1137,100,11.7,1.7,65.3,30.6,23,16.7,0,2.4,11970,7191,2903,7379,4947,2059,4014,661,647,133,753
2011,2.11007E+13,CARROLL CO SCHS,24013,548,12580,2400210,27334,372454,17383,1108,8163,2042,6070,165803,99945,11696,8629,45533,189268,0,0,178467,0,0,9868,933,365590,345370,200743,86734,207938,136251,60660,125382,17525,18394,1692,23619,64152,12050,8294,7048,4878,117512,14487,6808,100,4.7,0.3,44.5,26.8,50.8,47.9,0,2.6,12624,7344,3173,7607,4985,2219,4587,641,673,62,864
2011,2.11008E+13,CECIL COUNTY PUBLIC SCHOOLS,24015,428,37980,2400240,15937,218948,20775,3276,6360,3141,7998,110329,62208,7986,4440,35695,87844,0,0,72620,0,0,5189,10035,211397,194673,118899,46299,119965,80548,33810,65872,8967,11070,1794,14374,29667,8836,9376,3989,3359,75601,0,5684,100,9.5,1.5,50.4,28.4,40.1,33.2,0,2.4,12191,7461,2905,7527,5054,2121,4133,563,695,113,902
2011,2.11009E+13,CHARLES CO SCHS,24017,548,47900,2400270,26850,375302,21870,2709,8033,4002,7126,172937,100850,7504,9037,55546,180495,0,0,165173,0,0,13732,1590,363345,343611,198467,74727,189509,136063,45994,134219,18337,16095,1742,20989,77056,19883,13419,3195,3120,82678,64835,11620,100,5.8,0.7,46.1,26.9,48.1,44,0,3.7,12700,7392,2783,7058,5068,1713,4999,683,599,65,782
2011,2.1101E+13,DORCHESTER CO SCHS,24019,N,15700,2400300,4647,75257,7475,1363,1340,1632,3140,39168,16869,1276,2084,18939,28614,0,0,25874,0,0,1674,1066,72765,59537,33910,13812,35677,22958,10177,20449,2249,3699,328,4503,9670,3411,12324,80,824,25918,0,1525,100,9.9,1.8,52,22.4,38,34.4,0,2.2,12797,7297,2972,7677,4940,2190,4400,484,796,71,969
2011,2.11011E+13,FREDERICK CO SCHOOLS,24021,548,47900,2400330,40188,569945,39408,4305,12432,4382,18289,245681,141556,13993,10505,79627,284856,0,0,260556,0,0,13635,10665,543073,496144,303688,122255,307758,206765,86175,170556,23172,27872,4465,32671,82376,17830,27635,7107,12187,250657,0,17076,100,6.9,0.8,43.1,24.8,50,45.7,0,2.4,12319,7557,3042,7658,5145,2144,4244,577,694,111,813
2011,2.11012E+13,GARRETT COUNTY SCHOOLS,24023,N,N,2400360,4212,61524,7828,1340,1608,1114,3766,26611,12683,1316,2581,10031,27085,0,0,23494,0,0,2260,1331,60803,59447,32962,14504,34851,23188,10487,20543,2994,2426,411,2865,11847,4053,459,864,33,0,0,1072,100,12.7,2.2,43.3,20.6,44,38.2,0,3.7,14052,7826,3443,8274,5505,2490,4877,711,576,98,680
2011,2.11013E+13,HARFORD CO SCH,24025,548,12580,2400390,38394,576683,41605,5003,13144,5956,17502,248376,140445,17318,10805,79808,286702,0,0,264077,0,276,15049,7300,563405,489960,278128,131490,299865,192073,95481,168540,21164,20447,2098,30913,93918,21555,50282,11773,11390,294995,0,11187,100,7.2,0.9,43.1,24.4,49.7,45.8,0,2.6,12750,7244,3425,7810,5003,2487,4390,551,533,55,805
2011,2.11014E+13,HOWARD COUNTY SCHOOLS,24027,548,12580,2400420,50994,890726,39988,1708,13855,3991,20434,263585,145897,13422,13884,90382,587153,0,0,560959,0,0,21670,4524,863087,778712,465348,186563,506984,336685,141148,240967,35667,40084,4380,52909,107927,30761,64858,4891,14626,433007,39369,24490,100,4.5,0.2,29.6,16.4,65.9,63,0,2.4,15139,9126,3659,9942,6602,2768,4725,699,786,86,1038
2011,2.11015E+13,KENT COUNTY SCHOOLS,24029,N,N,2400450,2183,33253,4114,473,787,752,2102,11212,3138,900,1367,5807,17927,0,0,17119,0,0,682,126,33202,32796,18870,6668,18564,12459,4751,12746,1317,2175,414,2228,6612,1486,406,0,0,0,0,0,100,12.4,1.4,33.7,9.4,53.9,51.5,0,2.1,14979,8644,3055,8504,5707,2176,5839,603,996,190,1021
2011,2.11016E+13,MONTGOMERY COUNTY SCHOOLS,24031,548,47900,2400480,144023,2687215,165503,23458,46184,24045,71816,666593,256549,43960,31619,334465,1855119,0,0,1782926,0,0,63088,9105,2496790,2223096,1400621,636782,1411717,933866,440073,730904,89001,148824,17880,156940,318259,80475,197061,33984,42649,932882,99100,68854,100,6.2,0.9,24.8,9.5,69,66.3,0,2.3,15421,9725,4421,9802,6484,3056,5075,618,1033,124,1090
2011,2.11017E+13,PRINCE GEORGES CO SCHS,24033,548,47900,2400510,126671,1910110,246936,49487,40188,39250,118011,927357,454550,50049,34183,388575,735817,0,0,689293,0,0,42793,3731,1976560,1747447,1035367,442677,1012380,667476,271760,655602,82000,87032,17788,106591,362191,79465,159354,48238,21521,488816,25025,32379,100,12.9,2.6,48.5,23.8,38.5,36.1,0,2.2,13775,8174,3495,7992,5269,2145,5176,647,687,140,841
2011,2.11018E+13,QUEEN ANNES COUNTY SCHOOLS,24035,548,12580,2400540,7781,117191,8049,717,2710,871,3751,43419,19472,2165,2886,18896,65723,0,0,61971,0,0,2989,763,112687,93912,54118,22914,58457,38987,17002,31627,4300,4566,765,5456,16540,3828,15476,895,2404,29226,0,4308,100,6.9,0.6,37,16.6,56.1,52.9,0,2.6,12065,6955,2945,7513,5011,2185,4065,553,587,98,701
2011,2.11019E+13,ST MARYS CO SCHS,24037,548,30500,2400600,17271,226049,22467,2553,4548,2719,12647,108687,61192,5633,5793,36069,94895,0,0,86987,0,0,7629,279,227674,213085,123314,52089,122987,83179,34312,79873,9036,13967,1656,14034,41180,10225,10632,1578,2379,57620,0,4923,100,9.9,1.1,48.1,27.1,42,38.5,0,3.4,12320,7140,3016,7121,4816,1987,4625,523,809,96,813
2011,2.1102E+13,SOMERSET CO SCHS,24039,480,41540,2400570,2920,50325,6703,1685,1181,1128,2709,31385,11488,1369,1605,16923,12237,0,0,10972,0,0,1004,261,50809,41313,23884,9793,23379,15731,6557,15531,2277,3677,314,2280,6983,2403,9096,0,400,8532,0,833,100,13.3,3.3,62.4,22.8,24.3,21.8,0,2,14095,8179,3354,8007,5387,2246,5319,780,1259,108,781
2011,2.11021E+13,TALBOT CO SCHS,24041,N,20660,2400630,4504,59889,4408,730,1559,840,1279,14068,3938,788,1358,7984,41413,0,0,35020,0,0,1832,4561,57655,54400,31547,13804,32551,20609,9183,18631,1960,4049,494,3581,8547,3218,1725,71,1459,35557,0,2241,100,7.4,1.2,23.5,6.6,69.1,58.5,0,3.1,12015,7004,3065,7227,4576,2039,4137,435,899,110,795
2011,2.11022E+13,WASHINGTON CO SCHS,24043,N,25180,2400660,22206,304441,31388,5485,8068,5706,12129,168218,86207,8215,6020,67776,104835,0,0,94635,0,391,8462,1347,312774,277711,164573,66238,166098,108968,47162,96351,9238,18180,1378,18628,48927,15262,30475,2739,1849,50039,0,3969,100,10.3,1.8,55.3,28.3,34.4,31.1,0.1,2.8,12491,7411,2983,7480,4907,2124,4339,416,819,62,839
2011,2.11023E+13,WICOMICO CO SCHOOLS,24045,480,41540,2400690,14382,213211,21731,5153,5411,4145,7022,131192,61677,6319,5462,57734,60288,0,0,54130,0,122,4453,1583,207463,192245,110499,46925,111853,74448,32651,71094,12443,11295,891,12769,33696,9298,11415,270,3533,81579,14500,7400,100,10.2,2.4,61.5,28.9,28.3,25.4,0.1,2.1,13356,7683,3263,7777,5176,2270,4943,865,785,62,888
2011,2.11024E+13,WORCESTER CO BOARD OF EDUCATION,24047,480,36180,2400720,6699,128507,10946,1780,2324,1597,5245,24609,5634,1448,2598,14929,92952,0,0,89051,0,0,3136,765,122769,110102,63999,25380,69508,45973,18878,35296,4252,7043,462,6915,16624,5298,9179,341,3147,36542,0,6038,100,8.5,1.4,19.1,4.4,72.3,69.3,0,2.4,16393,9554,3789,10376,6863,2818,5269,635,1051,69,1032
2011,2.12004E+13,BALTIMORE CITY SCHOOLS,24510,548,12580,2400090,83800,1441019,279303,106721,36064,29250,107268,892935,358731,81103,16752,436349,268781,0,0,251686,0,0,8356,8739,1452189,1297626,694684,304379,755350,450710,181367,503368,47794,93307,29470,122437,210360,38908,84383,67428,2752,151575,60825,5350,100,19.4,7.4,62,24.9,18.7,17.5,0,0.6,15483,8290,3632,9014,5378,2164,6007,570,1113,352,1461
